New_Combination,Predicted_Accuracy(%),Predicted_DataVolume,Predicted_Latency_Sum(ms),Predicted_RoundTime_Max(ms),Numerical_Combination,ZeroShot_Accuracy(%),ZeroShot_DataVolume,ZeroShot_Latency_Sum(ms),ZeroShot_RoundTime_Max(ms),Combo_Set,Historical_Combination,Historical_Accuracy,Historical_DataVolume,Historical_Latency,Historical_RoundTime
C7-C10-C16-C17-C25,65.89999794960022,13990,12303.552627563477,3260.68115234375,7-10-16-17-25,57.06375,14347.586,20800.285,5727.8525,"{'C17', 'C10', 'C16', 'C25', 'C7'}",C7-C10,70.67000269889832,5595.0,,4998.061656951904
C1-C8-C15-C24-C25,17.499999701976776,13989,12586.267471313477,2779.338836669922,1-8-15-24-25,45.94315,14690.95,20007.615,5836.118,"{'C24', 'C8', 'C25', 'C1', 'C15'}",C1-C8,58.07999968528748,5594.0,,5876.826047897339
C2-C8-C15-C17-C18,37.61000037193298,13984,15086.834907531738,4687.891960144043,2-8-15-17-18,48.832794,14772.606,20648.645,6229.651,"{'C8', 'C17', 'C18', 'C2', 'C15'}",C2-C8,49.3800014257431,5590.0,,5876.826047897339
C4-C9-C10-C17-C19,61.159998178482056,13990,10435.312032699583,2654.266119003296,4-9-10-17-19,53.383465,15054.679,20428.625,5755.118,"{'C17', 'C4', 'C10', 'C19', 'C9'}",C4-C9,58.99999737739563,5595.0,,3603.2345294952393
C4-C9-C10-C17-C19,61.159998178482056,13990,10435.312032699583,2654.266119003296,4-9-10-17-19,53.383465,15054.679,20428.625,5755.118,"{'C17', 'C4', 'C10', 'C19', 'C9'}",C4-C10,69.84999775886536,5590.0,,4569.4990158081055
C4-C9-C10-C17-C19,61.159998178482056,13990,10435.312032699583,2654.266119003296,4-9-10-17-19,53.383465,15054.679,20428.625,5755.118,"{'C17', 'C4', 'C10', 'C19', 'C9'}",C9-C10,78.2800018787384,5595.0,,4569.4990158081055
C4-C9-C10-C17-C19,61.159998178482056,13990,10435.312032699583,2654.266119003296,4-9-10-17-19,53.383465,15054.679,20428.625,5755.118,"{'C17', 'C4', 'C10', 'C19', 'C9'}",C4-C9-C10,64.91000056266785,8390.0,,4569.4990158081055
C2-C3-C9-C20-C24,38.44999969005585,13987,13277.100324630735,4806.060075759888,2-3-9-20-24,43.831364,14438.383,20222.492,5938.513,"{'C24', 'C2', 'C20', 'C3', 'C9'}",C2-C3,58.27000141143799,5596.0,,2649.716377258301
C2-C3-C9-C20-C24,38.44999969005585,13987,13277.100324630735,4806.060075759888,2-3-9-20-24,43.831364,14438.383,20222.492,5938.513,"{'C24', 'C2', 'C20', 'C3', 'C9'}",C2-C9,48.48000109195709,5596.0,,2511.845111846924
C2-C3-C9-C20-C24,38.44999969005585,13987,13277.100324630735,4806.060075759888,2-3-9-20-24,43.831364,14438.383,20222.492,5938.513,"{'C24', 'C2', 'C20', 'C3', 'C9'}",C3-C9,41.92000031471253,5600.0,,2649.716377258301
C2-C3-C9-C20-C24,38.44999969005585,13987,13277.100324630735,4806.060075759888,2-3-9-20-24,43.831364,14438.383,20222.492,5938.513,"{'C24', 'C2', 'C20', 'C3', 'C9'}",C2-C3-C9,29.989999532699585,8396.0,,2649.716377258301
C3-C7-C8-C18-C21,46.070000529289246,13988,16585.843324661255,6137.926340103149,3-7-8-18-21,47.41653,14689.353,21503.326,5941.9463,"{'C8', 'C18', 'C21', 'C3', 'C7'}",C3-C7,65.28000235557556,5600.0,,4998.061656951904
C3-C7-C8-C18-C21,46.070000529289246,13988,16585.843324661255,6137.926340103149,3-7-8-18-21,47.41653,14689.353,21503.326,5941.9463,"{'C8', 'C18', 'C21', 'C3', 'C7'}",C3-C8,61.250001192092896,5594.0,,5876.826047897339
C3-C7-C8-C18-C21,46.070000529289246,13988,16585.843324661255,6137.926340103149,3-7-8-18-21,47.41653,14689.353,21503.326,5941.9463,"{'C8', 'C18', 'C21', 'C3', 'C7'}",C7-C8,64.70000147819519,5594.0,,5876.826047897339
C3-C7-C8-C18-C21,46.070000529289246,13988,16585.843324661255,6137.926340103149,3-7-8-18-21,47.41653,14689.353,21503.326,5941.9463,"{'C8', 'C18', 'C21', 'C3', 'C7'}",C3-C7-C8,60.019999742507935,8394.0,,5876.826047897339
C4-C7-C18-C23-C24,35.38999855518341,13984,14051.125288009644,3358.293294906616,4-7-18-23-24,44.86952,14175.521,18237.299,5314.307,"{'C24', 'C23', 'C4', 'C18', 'C7'}",C4-C7,68.81999969482422,5595.0,,4998.061656951904
C5-C6-C15-C19-C20,30.18999993801117,13991,13053.574085235596,2829.719305038452,5-6-15-19-20,45.64576,14245.699,20998.047,5939.2163,"{'C6', 'C5', 'C20', 'C19', 'C15'}",C5-C6,55.330002307891846,5595.0,,3276.2575149536133
C1-C3-C9-C23-C25,57.0900022983551,14000,14102.27084159851,3267.021656036377,1-3-9-23-25,45.218834,14604.504,19896.725,5679.0405,"{'C23', 'C25', 'C1', 'C3', 'C9'}",C1-C3,58.71000289916992,5600.0,,5809.942007064819
C1-C3-C9-C23-C25,57.0900022983551,14000,14102.27084159851,3267.021656036377,1-3-9-23-25,45.218834,14604.504,19896.725,5679.0405,"{'C23', 'C25', 'C1', 'C3', 'C9'}",C1-C9,68.22999715805054,5600.0,,5809.942007064819
C1-C3-C9-C23-C25,57.0900022983551,14000,14102.27084159851,3267.021656036377,1-3-9-23-25,45.218834,14604.504,19896.725,5679.0405,"{'C23', 'C25', 'C1', 'C3', 'C9'}",C3-C9,41.92000031471253,5600.0,,2649.716377258301
C1-C3-C9-C23-C25,57.0900022983551,14000,14102.27084159851,3267.021656036377,1-3-9-23-25,45.218834,14604.504,19896.725,5679.0405,"{'C23', 'C25', 'C1', 'C3', 'C9'}",C1-C3-C9,39.53999876976013,8400.0,,5809.942007064819
C4-C7-C10-C17-C20,38.74000012874603,13986,15035.143852233889,3255.8183670043945,4-7-10-17-20,52.7059,15135.918,20719.55,5794.1313,"{'C17', 'C4', 'C10', 'C20', 'C7'}",C4-C7,68.81999969482422,5595.0,,4998.061656951904
C4-C7-C10-C17-C20,38.74000012874603,13986,15035.143852233889,3255.8183670043945,4-7-10-17-20,52.7059,15135.918,20719.55,5794.1313,"{'C17', 'C4', 'C10', 'C20', 'C7'}",C4-C10,69.84999775886536,5590.0,,4569.4990158081055
C4-C7-C10-C17-C20,38.74000012874603,13986,15035.143852233889,3255.8183670043945,4-7-10-17-20,52.7059,15135.918,20719.55,5794.1313,"{'C17', 'C4', 'C10', 'C20', 'C7'}",C7-C10,70.67000269889832,5595.0,,4998.061656951904
C4-C7-C10-C17-C20,38.74000012874603,13986,15035.143852233889,3255.8183670043945,4-7-10-17-20,52.7059,15135.918,20719.55,5794.1313,"{'C17', 'C4', 'C10', 'C20', 'C7'}",C4-C7-C10,64.46999907493591,8390.0,,4998.061656951904
C6-C9-C16-C22-C23,44.47999894618988,13985,12712.789297103882,2791.908025741577,6-9-16-22-23,47.209087,14660.217,20546.705,6052.544,"{'C6', 'C23', 'C22', 'C16', 'C9'}",C6-C9,54.49000000953674,5595.0,,3276.2575149536133
C2-C6-C15-C17-C18,56.01999759674072,13985,12863.332748413086,3213.203430175781,2-6-15-17-18,46.373528,14392.462,20323.75,6103.7373,"{'C6', 'C17', 'C18', 'C2', 'C15'}",C2-C6,39.55000042915344,5591.0,,3276.2575149536133
C2-C5-C10-C24-C25,33.090001344680786,13986,12842.822790145874,2911.4091396331787,2-5-10-24-25,53.447414,15197.556,21936.166,6311.3784,"{'C24', 'C10', 'C5', 'C2', 'C25'}",C2-C5,54.64000105857849,5596.0,,2685.427188873291
C2-C5-C10-C24-C25,33.090001344680786,13986,12842.822790145874,2911.4091396331787,2-5-10-24-25,53.447414,15197.556,21936.166,6311.3784,"{'C24', 'C10', 'C5', 'C2', 'C25'}",C2-C10,51.169997453689575,5591.0,,4569.4990158081055
C2-C5-C10-C24-C25,33.090001344680786,13986,12842.822790145874,2911.4091396331787,2-5-10-24-25,53.447414,15197.556,21936.166,6311.3784,"{'C24', 'C10', 'C5', 'C2', 'C25'}",C5-C10,54.72000241279602,5595.0,,4569.4990158081055
C2-C5-C10-C24-C25,33.090001344680786,13986,12842.822790145874,2911.4091396331787,2-5-10-24-25,53.447414,15197.556,21936.166,6311.3784,"{'C24', 'C10', 'C5', 'C2', 'C25'}",C2-C5-C10,35.89000105857849,8391.0,,4569.4990158081055
C2-C7-C10-C15-C21,63.27000260353088,13991,12562.335014343262,3045.0713634490967,2-7-10-15-21,53.66025,15101.078,21760.012,6175.745,"{'C21', 'C10', 'C2', 'C7', 'C15'}",C2-C7,59.20000076293945,5596.0,,4998.061656951904
C2-C7-C10-C15-C21,63.27000260353088,13991,12562.335014343262,3045.0713634490967,2-7-10-15-21,53.66025,15101.078,21760.012,6175.745,"{'C21', 'C10', 'C2', 'C7', 'C15'}",C2-C10,51.169997453689575,5591.0,,4569.4990158081055
C2-C7-C10-C15-C21,63.27000260353088,13991,12562.335014343262,3045.0713634490967,2-7-10-15-21,53.66025,15101.078,21760.012,6175.745,"{'C21', 'C10', 'C2', 'C7', 'C15'}",C7-C10,70.67000269889832,5595.0,,4998.061656951904
C2-C7-C10-C15-C21,63.27000260353088,13991,12562.335014343262,3045.0713634490967,2-7-10-15-21,53.66025,15101.078,21760.012,6175.745,"{'C21', 'C10', 'C2', 'C7', 'C15'}",C2-C7-C10,48.539999127388,8391.0,,4998.061656951904
C1-C3-C5-C19-C25,36.82000041007996,14000,13672.487735748293,3463.8772010803223,1-3-5-19-25,46.364937,14623.465,20517.848,5802.1216,"{'C5', 'C25', 'C19', 'C3', 'C1'}",C1-C3,58.71000289916992,5600.0,,5809.942007064819
C1-C3-C5-C19-C25,36.82000041007996,14000,13672.487735748293,3463.8772010803223,1-3-5-19-25,46.364937,14623.465,20517.848,5802.1216,"{'C5', 'C25', 'C19', 'C3', 'C1'}",C1-C5,61.18000149726868,5600.0,,5809.942007064819
C1-C3-C5-C19-C25,36.82000041007996,14000,13672.487735748293,3463.8772010803223,1-3-5-19-25,46.364937,14623.465,20517.848,5802.1216,"{'C5', 'C25', 'C19', 'C3', 'C1'}",C3-C5,54.01999950408936,5600.0,,2685.427188873291
C1-C3-C5-C19-C25,36.82000041007996,14000,13672.487735748293,3463.8772010803223,1-3-5-19-25,46.364937,14623.465,20517.848,5802.1216,"{'C5', 'C25', 'C19', 'C3', 'C1'}",C1-C3-C5,54.22999858856201,8400.0,,5809.942007064819
C3-C4-C10-C15-C23,35.62000095844269,13990,14354.303359985352,3235.6131076812744,3-4-10-15-23,56.81969,14568.5625,20802.691,5718.1416,"{'C23', 'C4', 'C10', 'C3', 'C15'}",C3-C4,70.56000232696533,5595.0,,3603.2345294952393
C3-C4-C10-C15-C23,35.62000095844269,13990,14354.303359985352,3235.6131076812744,3-4-10-15-23,56.81969,14568.5625,20802.691,5718.1416,"{'C23', 'C4', 'C10', 'C3', 'C15'}",C3-C10,45.01999914646149,5595.0,,4569.4990158081055
C3-C4-C10-C15-C23,35.62000095844269,13990,14354.303359985352,3235.6131076812744,3-4-10-15-23,56.81969,14568.5625,20802.691,5718.1416,"{'C23', 'C4', 'C10', 'C3', 'C15'}",C4-C10,69.84999775886536,5590.0,,4569.4990158081055
C3-C4-C10-C15-C23,35.62000095844269,13990,14354.303359985352,3235.6131076812744,3-4-10-15-23,56.81969,14568.5625,20802.691,5718.1416,"{'C23', 'C4', 'C10', 'C3', 'C15'}",C3-C4-C10,56.05999827384949,8390.0,,4569.4990158081055
C3-C9-C16-C20-C23,18.490000069141388,13991,11971.900939941406,3224.971294403076,3-9-16-20-23,47.91598,14980.643,20845.072,6117.2676,"{'C23', 'C16', 'C20', 'C3', 'C9'}",C3-C9,41.92000031471253,5600.0,,2649.716377258301
C5-C8-C18-C19-C22,35.100001096725464,13983,12443.843126296995,2704.77557182312,5-8-18-19-22,47.78595,14522.907,21211.527,6046.7153,"{'C8', 'C18', 'C5', 'C19', 'C22'}",C5-C8,64.99999761581421,5594.0,,5876.826047897339
C1-C4-C7-C17-C19,52.64999866485596,13995,13458.424806594849,3223.55318069458,1-4-7-17-19,48.739834,14228.621,19640.342,5483.5537,"{'C17', 'C4', 'C1', 'C19', 'C7'}",C1-C4,58.0299973487854,5595.0,,5809.942007064819
C1-C4-C7-C17-C19,52.64999866485596,13995,13458.424806594849,3223.55318069458,1-4-7-17-19,48.739834,14228.621,19640.342,5483.5537,"{'C17', 'C4', 'C1', 'C19', 'C7'}",C1-C7,52.17999815940857,5600.0,,5809.942007064819
C1-C4-C7-C17-C19,52.64999866485596,13995,13458.424806594849,3223.55318069458,1-4-7-17-19,48.739834,14228.621,19640.342,5483.5537,"{'C17', 'C4', 'C1', 'C19', 'C7'}",C4-C7,68.81999969482422,5595.0,,4998.061656951904
C1-C4-C7-C17-C19,52.64999866485596,13995,13458.424806594849,3223.55318069458,1-4-7-17-19,48.739834,14228.621,19640.342,5483.5537,"{'C17', 'C4', 'C1', 'C19', 'C7'}",C1-C4-C7,48.980000615119934,8395.0,,5809.942007064819
C4-C5-C19-C22-C24,38.31000030040741,13985,13387.295961380005,2924.0708351135254,4-5-19-22-24,43.793842,14317.043,19973.264,5714.3735,"{'C24', 'C4', 'C5', 'C19', 'C22'}",C4-C5,50.209999084472656,5595.0,,3603.2345294952393
C4-C7-C10-C16-C21,46.11999988555908,13985,17009.397268295288,7826.637983322144,4-7-10-16-21,54.36825,15428.654,22126.47,6101.321,"{'C4', 'C21', 'C10', 'C16', 'C7'}",C4-C7,68.81999969482422,5595.0,,4998.061656951904
C4-C7-C10-C16-C21,46.11999988555908,13985,17009.397268295288,7826.637983322144,4-7-10-16-21,54.36825,15428.654,22126.47,6101.321,"{'C4', 'C21', 'C10', 'C16', 'C7'}",C4-C10,69.84999775886536,5590.0,,4569.4990158081055
C4-C7-C10-C16-C21,46.11999988555908,13985,17009.397268295288,7826.637983322144,4-7-10-16-21,54.36825,15428.654,22126.47,6101.321,"{'C4', 'C21', 'C10', 'C16', 'C7'}",C7-C10,70.67000269889832,5595.0,,4998.061656951904
C4-C7-C10-C16-C21,46.11999988555908,13985,17009.397268295288,7826.637983322144,4-7-10-16-21,54.36825,15428.654,22126.47,6101.321,"{'C4', 'C21', 'C10', 'C16', 'C7'}",C4-C7-C10,64.46999907493591,8390.0,,4998.061656951904
C6-C8-C9-C16-C18,63.41999769210816,13978,15260.144472122192,3342.2281742095947,6-8-9-16-18,49.951225,14917.3955,21595.283,6371.719,"{'C6', 'C8', 'C18', 'C16', 'C9'}",C6-C8,47.96999990940094,5589.0,,5876.826047897339
C6-C8-C9-C16-C18,63.41999769210816,13978,15260.144472122192,3342.2281742095947,6-8-9-16-18,49.951225,14917.3955,21595.283,6371.719,"{'C6', 'C8', 'C18', 'C16', 'C9'}",C6-C9,54.49000000953674,5595.0,,3276.2575149536133
C6-C8-C9-C16-C18,63.41999769210816,13978,15260.144472122192,3342.2281742095947,6-8-9-16-18,49.951225,14917.3955,21595.283,6371.719,"{'C6', 'C8', 'C18', 'C16', 'C9'}",C8-C9,79.80999946594238,5594.0,,5876.826047897339
C6-C8-C9-C16-C18,63.41999769210816,13978,15260.144472122192,3342.2281742095947,6-8-9-16-18,49.951225,14917.3955,21595.283,6371.719,"{'C6', 'C8', 'C18', 'C16', 'C9'}",C6-C8-C9,51.010000705718994,8389.0,,5876.826047897339
C2-C8-C17-C20-C22,31.40999972820282,13981,14071.770429611206,3265.528440475464,2-8-17-20-22,46.174664,14641.619,21699.75,6344.5146,"{'C8', 'C17', 'C2', 'C20', 'C22'}",C2-C8,49.3800014257431,5590.0,,5876.826047897339
C3-C4-C17-C19-C21,50.91000199317932,13995,12836.271047592165,3265.6683921813965,3-4-17-19-21,49.14499,14233.44,19713.014,5516.0503,"{'C17', 'C4', 'C21', 'C19', 'C3'}",C3-C4,70.56000232696533,5595.0,,3603.2345294952393
C6-C10-C16-C18-C19,34.380000829696655,13979,13926.345109939575,3256.601095199585,6-10-16-18-19,58.344246,14748.687,20961.512,5824.965,"{'C6', 'C18', 'C10', 'C16', 'C19'}",C6-C10,61.890000104904175,5590.0,,4569.4990158081055
C3-C5-C15-C17-C23,51.260000467300415,14000,12664.102554321287,2685.2128505706787,3-5-15-17-23,44.9904,14840.062,21394.828,5982.8486,"{'C23', 'C17', 'C5', 'C3', 'C15'}",C3-C5,54.01999950408936,5600.0,,2685.427188873291
C2-C6-C7-C19-C23,34.38999950885773,13991,10611.1900806427,2640.016555786133,2-6-7-19-23,42.344418,14293.342,19992.113,5838.015,"{'C6', 'C23', 'C2', 'C19', 'C7'}",C2-C6,39.55000042915344,5591.0,,3276.2575149536133
C2-C6-C7-C19-C23,34.38999950885773,13991,10611.1900806427,2640.016555786133,2-6-7-19-23,42.344418,14293.342,19992.113,5838.015,"{'C6', 'C23', 'C2', 'C19', 'C7'}",C2-C7,59.20000076293945,5596.0,,4998.061656951904
C2-C6-C7-C19-C23,34.38999950885773,13991,10611.1900806427,2640.016555786133,2-6-7-19-23,42.344418,14293.342,19992.113,5838.015,"{'C6', 'C23', 'C2', 'C19', 'C7'}",C6-C7,47.40000069141388,5595.0,,4998.061656951904
C2-C6-C7-C19-C23,34.38999950885773,13991,10611.1900806427,2640.016555786133,2-6-7-19-23,42.344418,14293.342,19992.113,5838.015,"{'C6', 'C23', 'C2', 'C19', 'C7'}",C2-C6-C7,26.91999971866608,8391.0,,4998.061656951904
C5-C6-C7-C16-C24,40.16999900341034,13985,13414.89315032959,3212.939977645874,5-6-7-16-24,46.78144,13967.013,21716.373,6077.632,"{'C6', 'C24', 'C5', 'C16', 'C7'}",C5-C6,55.330002307891846,5595.0,,3276.2575149536133
C5-C6-C7-C16-C24,40.16999900341034,13985,13414.89315032959,3212.939977645874,5-6-7-16-24,46.78144,13967.013,21716.373,6077.632,"{'C6', 'C24', 'C5', 'C16', 'C7'}",C5-C7,58.67000222206116,5600.0,,4998.061656951904
C5-C6-C7-C16-C24,40.16999900341034,13985,13414.89315032959,3212.939977645874,5-6-7-16-24,46.78144,13967.013,21716.373,6077.632,"{'C6', 'C24', 'C5', 'C16', 'C7'}",C6-C7,47.40000069141388,5595.0,,4998.061656951904
C5-C6-C7-C16-C24,40.16999900341034,13985,13414.89315032959,3212.939977645874,5-6-7-16-24,46.78144,13967.013,21716.373,6077.632,"{'C6', 'C24', 'C5', 'C16', 'C7'}",C5-C6-C7,54.11999821662903,8395.0,,4998.061656951904
C1-C8-C15-C16-C20,66.42000079154968,13985,11488.290071487429,2868.3536052703857,1-8-15-16-20,50.926823,15001.92,23160.158,6485.4634,"{'C8', 'C16', 'C20', 'C1', 'C15'}",C1-C8,58.07999968528748,5594.0,,5876.826047897339
C4-C10-C18-C20-C24,48.249998688697815,13975,12531.8341255188,3207.766532897949,4-10-18-20-24,53.78325,14130.099,19250.021,5527.7344,"{'C24', 'C4', 'C18', 'C10', 'C20'}",C4-C10,69.84999775886536,5590.0,,4569.4990158081055
C1-C3-C16-C18-C19,31.81000053882599,13989,12846.363544464111,2611.426830291748,1-3-16-18-19,50.399105,15013.758,21092.324,6011.455,"{'C18', 'C16', 'C19', 'C3', 'C1'}",C1-C3,58.71000289916992,5600.0,,5809.942007064819
C4-C7-C15-C16-C19,56.6100001335144,13990,10299.52836036682,2344.294548034668,4-7-15-16-19,46.34106,15103.377,21018.04,5954.0537,"{'C4', 'C16', 'C19', 'C7', 'C15'}",C4-C7,68.81999969482422,5595.0,,4998.061656951904
C2-C7-C9-C16-C23,35.429999232292175,13991,11454.73289489746,2625.065326690674,2-7-9-16-23,49.33359,15016.371,22699.098,6458.2695,"{'C7', 'C23', 'C16', 'C2', 'C9'}",C2-C7,59.20000076293945,5596.0,,4998.061656951904
C2-C7-C9-C16-C23,35.429999232292175,13991,11454.73289489746,2625.065326690674,2-7-9-16-23,49.33359,15016.371,22699.098,6458.2695,"{'C7', 'C23', 'C16', 'C2', 'C9'}",C2-C9,48.48000109195709,5596.0,,2511.845111846924
C2-C7-C9-C16-C23,35.429999232292175,13991,11454.73289489746,2625.065326690674,2-7-9-16-23,49.33359,15016.371,22699.098,6458.2695,"{'C7', 'C23', 'C16', 'C2', 'C9'}",C7-C9,60.75999736785889,5600.0,,4998.061656951904
C2-C7-C9-C16-C23,35.429999232292175,13991,11454.73289489746,2625.065326690674,2-7-9-16-23,49.33359,15016.371,22699.098,6458.2695,"{'C7', 'C23', 'C16', 'C2', 'C9'}",C2-C7-C9,42.579999566078186,8396.0,,4998.061656951904
C3-C4-C7-C16-C19,53.06000113487244,13990,11700.575590133669,3187.7243518829346,3-4-7-16-19,52.483227,14468.393,21646.984,5984.016,"{'C4', 'C16', 'C19', 'C3', 'C7'}",C3-C4,70.56000232696533,5595.0,,3603.2345294952393
C3-C4-C7-C16-C19,53.06000113487244,13990,11700.575590133669,3187.7243518829346,3-4-7-16-19,52.483227,14468.393,21646.984,5984.016,"{'C4', 'C16', 'C19', 'C3', 'C7'}",C3-C7,65.28000235557556,5600.0,,4998.061656951904
C3-C4-C7-C16-C19,53.06000113487244,13990,11700.575590133669,3187.7243518829346,3-4-7-16-19,52.483227,14468.393,21646.984,5984.016,"{'C4', 'C16', 'C19', 'C3', 'C7'}",C4-C7,68.81999969482422,5595.0,,4998.061656951904
C3-C4-C7-C16-C19,53.06000113487244,13990,11700.575590133669,3187.7243518829346,3-4-7-16-19,52.483227,14468.393,21646.984,5984.016,"{'C4', 'C16', 'C19', 'C3', 'C7'}",C3-C4-C7,64.91000056266785,8395.0,,4998.061656951904
C3-C7-C16-C21-C23,49.2900013923645,13995,11651.99613571167,2831.5114974975586,3-7-16-21-23,46.771896,14695.593,19967.875,5820.0835,"{'C23', 'C21', 'C16', 'C3', 'C7'}",C3-C7,65.28000235557556,5600.0,,4998.061656951904
C2-C7-C10-C19-C25,61.04999780654907,13991,12817.525386810305,3039.212465286255,2-7-10-19-25,53.7857,15057.312,21588.422,6149.773,"{'C10', 'C25', 'C2', 'C19', 'C7'}",C2-C7,59.20000076293945,5596.0,,4998.061656951904
C2-C7-C10-C19-C25,61.04999780654907,13991,12817.525386810305,3039.212465286255,2-7-10-19-25,53.7857,15057.312,21588.422,6149.773,"{'C10', 'C25', 'C2', 'C19', 'C7'}",C2-C10,51.169997453689575,5591.0,,4569.4990158081055
C2-C7-C10-C19-C25,61.04999780654907,13991,12817.525386810305,3039.212465286255,2-7-10-19-25,53.7857,15057.312,21588.422,6149.773,"{'C10', 'C25', 'C2', 'C19', 'C7'}",C7-C10,70.67000269889832,5595.0,,4998.061656951904
C2-C7-C10-C19-C25,61.04999780654907,13991,12817.525386810305,3039.212465286255,2-7-10-19-25,53.7857,15057.312,21588.422,6149.773,"{'C10', 'C25', 'C2', 'C19', 'C7'}",C2-C7-C10,48.539999127388,8391.0,,4998.061656951904
C3-C6-C7-C18-C24,36.44999861717224,13984,18976.231336593628,7830.628871917725,3-6-7-18-24,45.969982,14065.862,20003.736,5610.446,"{'C6', 'C24', 'C18', 'C3', 'C7'}",C3-C6,56.12000226974487,5595.0,,3276.2575149536133
C3-C6-C7-C18-C24,36.44999861717224,13984,18976.231336593628,7830.628871917725,3-6-7-18-24,45.969982,14065.862,20003.736,5610.446,"{'C6', 'C24', 'C18', 'C3', 'C7'}",C3-C7,65.28000235557556,5600.0,,4998.061656951904
C3-C6-C7-C18-C24,36.44999861717224,13984,18976.231336593628,7830.628871917725,3-6-7-18-24,45.969982,14065.862,20003.736,5610.446,"{'C6', 'C24', 'C18', 'C3', 'C7'}",C6-C7,47.40000069141388,5595.0,,4998.061656951904
C3-C6-C7-C18-C24,36.44999861717224,13984,18976.231336593628,7830.628871917725,3-6-7-18-24,45.969982,14065.862,20003.736,5610.446,"{'C6', 'C24', 'C18', 'C3', 'C7'}",C3-C6-C7,27.390000224113464,8395.0,,4998.061656951904
C3-C7-C9-C16-C22,23.330000042915344,13990,13889.858961105348,3572.9942321777344,3-7-9-16-22,49.031826,14654.854,22727.078,6229.2246,"{'C7', 'C22', 'C16', 'C3', 'C9'}",C3-C7,65.28000235557556,5600.0,,4998.061656951904
C3-C7-C9-C16-C22,23.330000042915344,13990,13889.858961105348,3572.9942321777344,3-7-9-16-22,49.031826,14654.854,22727.078,6229.2246,"{'C7', 'C22', 'C16', 'C3', 'C9'}",C3-C9,41.92000031471253,5600.0,,2649.716377258301
C3-C7-C9-C16-C22,23.330000042915344,13990,13889.858961105348,3572.9942321777344,3-7-9-16-22,49.031826,14654.854,22727.078,6229.2246,"{'C7', 'C22', 'C16', 'C3', 'C9'}",C7-C9,60.75999736785889,5600.0,,4998.061656951904
C3-C7-C9-C16-C22,23.330000042915344,13990,13889.858961105348,3572.9942321777344,3-7-9-16-22,49.031826,14654.854,22727.078,6229.2246,"{'C7', 'C22', 'C16', 'C3', 'C9'}",C3-C7-C9,46.3699996471405,8400.0,,4998.061656951904
C2-C7-C8-C24-C25,37.41999864578247,13985,13309.95798110962,2937.150716781616,2-7-8-24-25,44.547985,14466.254,20397.959,5946.8643,"{'C24', 'C8', 'C2', 'C25', 'C7'}",C2-C7,59.20000076293945,5596.0,,4998.061656951904
C2-C7-C8-C24-C25,37.41999864578247,13985,13309.95798110962,2937.150716781616,2-7-8-24-25,44.547985,14466.254,20397.959,5946.8643,"{'C24', 'C8', 'C2', 'C25', 'C7'}",C2-C8,49.3800014257431,5590.0,,5876.826047897339
C2-C7-C8-C24-C25,37.41999864578247,13985,13309.95798110962,2937.150716781616,2-7-8-24-25,44.547985,14466.254,20397.959,5946.8643,"{'C24', 'C8', 'C2', 'C25', 'C7'}",C7-C8,64.70000147819519,5594.0,,5876.826047897339
C2-C7-C8-C24-C25,37.41999864578247,13985,13309.95798110962,2937.150716781616,2-7-8-24-25,44.547985,14466.254,20397.959,5946.8643,"{'C24', 'C8', 'C2', 'C25', 'C7'}",C2-C7-C8,39.05999958515167,8390.0,,5876.826047897339
C2-C9-C18-C21-C22,42.25000143051148,13985,11304.187536239624,2687.75486946106,2-9-18-21-22,47.609116,14608.839,21283.86,6080.0405,"{'C18', 'C21', 'C2', 'C9', 'C22'}",C2-C9,48.48000109195709,5596.0,,2511.845111846924
C9-C10-C15-C18-C25,52.810001373291016,13989,13542.59967803955,2740.424871444702,9-10-15-18-25,58.63112,14639.533,21712.518,5892.5083,"{'C18', 'C10', 'C25', 'C9', 'C15'}",C9-C10,78.2800018787384,5595.0,,4569.4990158081055
C4-C5-C19-C20-C23,64.71999883651733,13991,14553.656101226808,3357.2185039520264,4-5-19-20-23,42.96978,15003.021,20109.588,5857.3164,"{'C23', 'C4', 'C5', 'C20', 'C19'}",C4-C5,50.209999084472656,5595.0,,3603.2345294952393
C1-C2-C10-C15-C22,32.109999656677246,13986,13939.194440841677,3257.0719718933105,1-2-10-15-22,52.58757,14822.301,23101.035,6338.052,"{'C10', 'C2', 'C1', 'C22', 'C15'}",C1-C2,71.50999903678894,5596.0,,5809.942007064819
C1-C2-C10-C15-C22,32.109999656677246,13986,13939.194440841677,3257.0719718933105,1-2-10-15-22,52.58757,14822.301,23101.035,6338.052,"{'C10', 'C2', 'C1', 'C22', 'C15'}",C1-C10,75.15000104904175,5595.0,,5809.942007064819
C1-C2-C10-C15-C22,32.109999656677246,13986,13939.194440841677,3257.0719718933105,1-2-10-15-22,52.58757,14822.301,23101.035,6338.052,"{'C10', 'C2', 'C1', 'C22', 'C15'}",C2-C10,51.169997453689575,5591.0,,4569.4990158081055
C1-C2-C10-C15-C22,32.109999656677246,13986,13939.194440841677,3257.0719718933105,1-2-10-15-22,52.58757,14822.301,23101.035,6338.052,"{'C10', 'C2', 'C1', 'C22', 'C15'}",C1-C2-C10,44.01000142097473,8391.0,,5809.942007064819
C3-C6-C8-C21-C24,32.100000977516174,13984,12942.6109790802,3266.155004501343,3-6-8-21-24,40.903282,13590.721,19589.105,5531.2046,"{'C6', 'C24', 'C8', 'C21', 'C3'}",C3-C6,56.12000226974487,5595.0,,3276.2575149536133
C3-C6-C8-C21-C24,32.100000977516174,13984,12942.6109790802,3266.155004501343,3-6-8-21-24,40.903282,13590.721,19589.105,5531.2046,"{'C6', 'C24', 'C8', 'C21', 'C3'}",C3-C8,61.250001192092896,5594.0,,5876.826047897339
C3-C6-C8-C21-C24,32.100000977516174,13984,12942.6109790802,3266.155004501343,3-6-8-21-24,40.903282,13590.721,19589.105,5531.2046,"{'C6', 'C24', 'C8', 'C21', 'C3'}",C6-C8,47.96999990940094,5589.0,,5876.826047897339
C3-C6-C8-C21-C24,32.100000977516174,13984,12942.6109790802,3266.155004501343,3-6-8-21-24,40.903282,13590.721,19589.105,5531.2046,"{'C6', 'C24', 'C8', 'C21', 'C3'}",C3-C6-C8,42.75000095367432,8389.0,,5876.826047897339
C2-C4-C6-C21-C24,34.16999876499176,13981,14204.374551773071,3348.971366882324,2-4-6-21-24,46.099113,13546.719,18905.225,5387.0903,"{'C6', 'C24', 'C4', 'C21', 'C2'}",C2-C4,59.71999764442444,5591.0,,3603.2345294952393
C2-C4-C6-C21-C24,34.16999876499176,13981,14204.374551773071,3348.971366882324,2-4-6-21-24,46.099113,13546.719,18905.225,5387.0903,"{'C6', 'C24', 'C4', 'C21', 'C2'}",C2-C6,39.55000042915344,5591.0,,3276.2575149536133
C2-C4-C6-C21-C24,34.16999876499176,13981,14204.374551773071,3348.971366882324,2-4-6-21-24,46.099113,13546.719,18905.225,5387.0903,"{'C6', 'C24', 'C4', 'C21', 'C2'}",C4-C6,39.01000022888184,5590.0,,3603.2345294952393
C2-C4-C6-C21-C24,34.16999876499176,13981,14204.374551773071,3348.971366882324,2-4-6-21-24,46.099113,13546.719,18905.225,5387.0903,"{'C6', 'C24', 'C4', 'C21', 'C2'}",C2-C4-C6,50.63999891281128,8386.0,,3603.2345294952393
C3-C9-C15-C19-C24,49.54000115394592,13995,13722.550630569458,3233.856678009033,3-9-15-19-24,46.25889,14262.603,19691.043,5603.914,"{'C24', 'C19', 'C3', 'C9', 'C15'}",C3-C9,41.92000031471253,5600.0,,2649.716377258301
C5-C9-C10-C19-C25,49.64999854564667,13995,12004.196405410768,3174.630880355835,5-9-10-19-25,56.820435,15006.23,21887.068,6133.5703,"{'C10', 'C5', 'C25', 'C19', 'C9'}",C5-C9,39.55000042915344,5600.0,,2685.427188873291
C5-C9-C10-C19-C25,49.64999854564667,13995,12004.196405410768,3174.630880355835,5-9-10-19-25,56.820435,15006.23,21887.068,6133.5703,"{'C10', 'C5', 'C25', 'C19', 'C9'}",C5-C10,54.72000241279602,5595.0,,4569.4990158081055
C5-C9-C10-C19-C25,49.64999854564667,13995,12004.196405410768,3174.630880355835,5-9-10-19-25,56.820435,15006.23,21887.068,6133.5703,"{'C10', 'C5', 'C25', 'C19', 'C9'}",C9-C10,78.2800018787384,5595.0,,4569.4990158081055
C5-C9-C10-C19-C25,49.64999854564667,13995,12004.196405410768,3174.630880355835,5-9-10-19-25,56.820435,15006.23,21887.068,6133.5703,"{'C10', 'C5', 'C25', 'C19', 'C9'}",C5-C9-C10,39.250001311302185,8395.0,,4569.4990158081055
C3-C7-C10-C23-C24,44.65999901294708,13990,13410.07924079895,3248.082399368286,3-7-10-23-24,55.230164,14361.531,20109.545,5732.549,"{'C24', 'C23', 'C10', 'C3', 'C7'}",C3-C7,65.28000235557556,5600.0,,4998.061656951904
C3-C7-C10-C23-C24,44.65999901294708,13990,13410.07924079895,3248.082399368286,3-7-10-23-24,55.230164,14361.531,20109.545,5732.549,"{'C24', 'C23', 'C10', 'C3', 'C7'}",C3-C10,45.01999914646149,5595.0,,4569.4990158081055
C3-C7-C10-C23-C24,44.65999901294708,13990,13410.07924079895,3248.082399368286,3-7-10-23-24,55.230164,14361.531,20109.545,5732.549,"{'C24', 'C23', 'C10', 'C3', 'C7'}",C7-C10,70.67000269889832,5595.0,,4998.061656951904
C3-C7-C10-C23-C24,44.65999901294708,13990,13410.07924079895,3248.082399368286,3-7-10-23-24,55.230164,14361.531,20109.545,5732.549,"{'C24', 'C23', 'C10', 'C3', 'C7'}",C3-C7-C10,46.93000018596649,8395.0,,4998.061656951904
C5-C6-C18-C19-C22,31.760001182556152,13984,13007.551670074465,2733.261823654175,5-6-18-19-22,45.85357,14142.71,20913.688,5974.574,"{'C6', 'C18', 'C5', 'C19', 'C22'}",C5-C6,55.330002307891846,5595.0,,3276.2575149536133
C2-C6-C8-C17-C25,41.85999929904938,13985,14729.623794555664,3305.5999279022217,2-6-8-17-25,41.628788,14144.118,20813.45,5971.664,"{'C6', 'C8', 'C17', 'C2', 'C25'}",C2-C6,39.55000042915344,5591.0,,3276.2575149536133
C2-C6-C8-C17-C25,41.85999929904938,13985,14729.623794555664,3305.5999279022217,2-6-8-17-25,41.628788,14144.118,20813.45,5971.664,"{'C6', 'C8', 'C17', 'C2', 'C25'}",C2-C8,49.3800014257431,5590.0,,5876.826047897339
C2-C6-C8-C17-C25,41.85999929904938,13985,14729.623794555664,3305.5999279022217,2-6-8-17-25,41.628788,14144.118,20813.45,5971.664,"{'C6', 'C8', 'C17', 'C2', 'C25'}",C6-C8,47.96999990940094,5589.0,,5876.826047897339
C2-C6-C8-C17-C25,41.85999929904938,13985,14729.623794555664,3305.5999279022217,2-6-8-17-25,41.628788,14144.118,20813.45,5971.664,"{'C6', 'C8', 'C17', 'C2', 'C25'}",C2-C6-C8,33.61000120639801,8385.0,,5876.826047897339
C2-C4-C9-C16-C17,43.38000118732453,13986,14873.897075653076,3620.995759963989,2-4-9-16-17,52.98512,14654.736,22280.129,6281.9565,"{'C17', 'C4', 'C16', 'C2', 'C9'}",C2-C4,59.71999764442444,5591.0,,3603.2345294952393
C2-C4-C9-C16-C17,43.38000118732453,13986,14873.897075653076,3620.995759963989,2-4-9-16-17,52.98512,14654.736,22280.129,6281.9565,"{'C17', 'C4', 'C16', 'C2', 'C9'}",C2-C9,48.48000109195709,5596.0,,2511.845111846924
C2-C4-C9-C16-C17,43.38000118732453,13986,14873.897075653076,3620.995759963989,2-4-9-16-17,52.98512,14654.736,22280.129,6281.9565,"{'C17', 'C4', 'C16', 'C2', 'C9'}",C4-C9,58.99999737739563,5595.0,,3603.2345294952393
C2-C4-C9-C16-C17,43.38000118732453,13986,14873.897075653076,3620.995759963989,2-4-9-16-17,52.98512,14654.736,22280.129,6281.9565,"{'C17', 'C4', 'C16', 'C2', 'C9'}",C2-C4-C9,54.1100025177002,8391.0,,3603.2345294952393
C1-C5-C8-C20-C23,36.84999942779541,13990,14025.09069442749,3528.3846855163574,1-5-8-20-23,43.92923,14587.88,21982.057,6241.1787,"{'C23', 'C8', 'C5', 'C20', 'C1'}",C1-C5,61.18000149726868,5600.0,,5809.942007064819
C1-C5-C8-C20-C23,36.84999942779541,13990,14025.09069442749,3528.3846855163574,1-5-8-20-23,43.92923,14587.88,21982.057,6241.1787,"{'C23', 'C8', 'C5', 'C20', 'C1'}",C1-C8,58.07999968528748,5594.0,,5876.826047897339
C1-C5-C8-C20-C23,36.84999942779541,13990,14025.09069442749,3528.3846855163574,1-5-8-20-23,43.92923,14587.88,21982.057,6241.1787,"{'C23', 'C8', 'C5', 'C20', 'C1'}",C5-C8,64.99999761581421,5594.0,,5876.826047897339
C1-C5-C8-C20-C23,36.84999942779541,13990,14025.09069442749,3528.3846855163574,1-5-8-20-23,43.92923,14587.88,21982.057,6241.1787,"{'C23', 'C8', 'C5', 'C20', 'C1'}",C1-C5-C8,54.14000153541565,8394.0,,5876.826047897339
C1-C4-C7-C15-C20,34.00000035762787,13991,12341.30573272705,2751.305341720581,1-4-7-15-20,48.90976,14232.015,20073.865,5547.8276,"{'C4', 'C20', 'C1', 'C7', 'C15'}",C1-C4,58.0299973487854,5595.0,,5809.942007064819
C1-C4-C7-C15-C20,34.00000035762787,13991,12341.30573272705,2751.305341720581,1-4-7-15-20,48.90976,14232.015,20073.865,5547.8276,"{'C4', 'C20', 'C1', 'C7', 'C15'}",C1-C7,52.17999815940857,5600.0,,5809.942007064819
C1-C4-C7-C15-C20,34.00000035762787,13991,12341.30573272705,2751.305341720581,1-4-7-15-20,48.90976,14232.015,20073.865,5547.8276,"{'C4', 'C20', 'C1', 'C7', 'C15'}",C4-C7,68.81999969482422,5595.0,,4998.061656951904
C1-C4-C7-C15-C20,34.00000035762787,13991,12341.30573272705,2751.305341720581,1-4-7-15-20,48.90976,14232.015,20073.865,5547.8276,"{'C4', 'C20', 'C1', 'C7', 'C15'}",C1-C4-C7,48.980000615119934,8395.0,,5809.942007064819
C1-C9-C18-C20-C21,16.009999811649323,13990,14658.405303955078,3337.3019695281982,1-9-18-20-21,46.41427,15003.105,21131.412,6141.235,"{'C18', 'C21', 'C20', 'C1', 'C9'}",C1-C9,68.22999715805054,5600.0,,5809.942007064819
C1-C3-C10-C18-C20,36.570000648498535,13985,14712.99695968628,3297.694683074951,1-3-10-18-20,58.566887,15251.91,22989.0,6219.1606,"{'C18', 'C10', 'C20', 'C3', 'C1'}",C1-C3,58.71000289916992,5600.0,,5809.942007064819
C1-C3-C10-C18-C20,36.570000648498535,13985,14712.99695968628,3297.694683074951,1-3-10-18-20,58.566887,15251.91,22989.0,6219.1606,"{'C18', 'C10', 'C20', 'C3', 'C1'}",C1-C10,75.15000104904175,5595.0,,5809.942007064819
C1-C3-C10-C18-C20,36.570000648498535,13985,14712.99695968628,3297.694683074951,1-3-10-18-20,58.566887,15251.91,22989.0,6219.1606,"{'C18', 'C10', 'C20', 'C3', 'C1'}",C3-C10,45.01999914646149,5595.0,,4569.4990158081055
C1-C3-C10-C18-C20,36.570000648498535,13985,14712.99695968628,3297.694683074951,1-3-10-18-20,58.566887,15251.91,22989.0,6219.1606,"{'C18', 'C10', 'C20', 'C3', 'C1'}",C1-C3-C10,34.07000005245209,8395.0,,5809.942007064819
C4-C5-C10-C17-C24,57.58000016212464,13985,24041.316509246823,11262.484788894652,4-5-10-17-24,52.719357,14680.309,20426.21,5713.3037,"{'C24', 'C17', 'C4', 'C10', 'C5'}",C4-C5,50.209999084472656,5595.0,,3603.2345294952393
C4-C5-C10-C17-C24,57.58000016212464,13985,24041.316509246823,11262.484788894652,4-5-10-17-24,52.719357,14680.309,20426.21,5713.3037,"{'C24', 'C17', 'C4', 'C10', 'C5'}",C4-C10,69.84999775886536,5590.0,,4569.4990158081055
C4-C5-C10-C17-C24,57.58000016212464,13985,24041.316509246823,11262.484788894652,4-5-10-17-24,52.719357,14680.309,20426.21,5713.3037,"{'C24', 'C17', 'C4', 'C10', 'C5'}",C5-C10,54.72000241279602,5595.0,,4569.4990158081055
C4-C5-C10-C17-C24,57.58000016212464,13985,24041.316509246823,11262.484788894652,4-5-10-17-24,52.719357,14680.309,20426.21,5713.3037,"{'C24', 'C17', 'C4', 'C10', 'C5'}",C4-C5-C10,43.09999942779541,8390.0,,4569.4990158081055
C7-C9-C15-C19-C20,44.65000033378601,13996,14004.24313545227,3439.769983291626,7-9-15-19-20,46.830566,14719.802,20934.053,5858.0845,"{'C7', 'C20', 'C19', 'C9', 'C15'}",C7-C9,60.75999736785889,5600.0,,4998.061656951904
C3-C9-C18-C20-C21,51.44000053405762,13990,13616.61982536316,3265.1801109313965,3-9-18-20-21,46.3139,14989.7705,21089.977,6137.9004,"{'C18', 'C21', 'C20', 'C3', 'C9'}",C3-C9,41.92000031471253,5600.0,,2649.716377258301
C4-C5-C7-C21-C23,41.89000129699707,13995,12542.844533920288,2727.5283336639404,4-5-7-21-23,43.198254,14703.603,19640.691,5593.786,"{'C23', 'C4', 'C21', 'C5', 'C7'}",C4-C5,50.209999084472656,5595.0,,3603.2345294952393
C4-C5-C7-C21-C23,41.89000129699707,13995,12542.844533920288,2727.5283336639404,4-5-7-21-23,43.198254,14703.603,19640.691,5593.786,"{'C23', 'C4', 'C21', 'C5', 'C7'}",C4-C7,68.81999969482422,5595.0,,4998.061656951904
C4-C5-C7-C21-C23,41.89000129699707,13995,12542.844533920288,2727.5283336639404,4-5-7-21-23,43.198254,14703.603,19640.691,5593.786,"{'C23', 'C4', 'C21', 'C5', 'C7'}",C5-C7,58.67000222206116,5600.0,,4998.061656951904
C4-C5-C7-C21-C23,41.89000129699707,13995,12542.844533920288,2727.5283336639404,4-5-7-21-23,43.198254,14703.603,19640.691,5593.786,"{'C23', 'C4', 'C21', 'C5', 'C7'}",C4-C5-C7,53.79999876022339,8395.0,,4998.061656951904
C1-C4-C5-C19-C20,37.36999928951264,13991,12454.873085021973,2798.0432510375977,1-4-5-19-20,49.71341,14202.38,20372.725,5616.8574,"{'C4', 'C5', 'C20', 'C19', 'C1'}",C1-C4,58.0299973487854,5595.0,,5809.942007064819
C1-C4-C5-C19-C20,37.36999928951264,13991,12454.873085021973,2798.0432510375977,1-4-5-19-20,49.71341,14202.38,20372.725,5616.8574,"{'C4', 'C5', 'C20', 'C19', 'C1'}",C1-C5,61.18000149726868,5600.0,,5809.942007064819
C1-C4-C5-C19-C20,37.36999928951264,13991,12454.873085021973,2798.0432510375977,1-4-5-19-20,49.71341,14202.38,20372.725,5616.8574,"{'C4', 'C5', 'C20', 'C19', 'C1'}",C4-C5,50.209999084472656,5595.0,,3603.2345294952393
C1-C4-C5-C19-C20,37.36999928951264,13991,12454.873085021973,2798.0432510375977,1-4-5-19-20,49.71341,14202.38,20372.725,5616.8574,"{'C4', 'C5', 'C20', 'C19', 'C1'}",C1-C4-C5,52.12000012397766,8395.0,,5809.942007064819
C5-C7-C10-C15-C18,54.53000068664551,13989,13636.510133743286,3347.17345237732,5-7-10-15-18,58.663937,15115.383,21632.842,6276.563,"{'C18', 'C10', 'C5', 'C7', 'C15'}",C5-C7,58.67000222206116,5600.0,,4998.061656951904
C5-C7-C10-C15-C18,54.53000068664551,13989,13636.510133743286,3347.17345237732,5-7-10-15-18,58.663937,15115.383,21632.842,6276.563,"{'C18', 'C10', 'C5', 'C7', 'C15'}",C5-C10,54.72000241279602,5595.0,,4569.4990158081055
C5-C7-C10-C15-C18,54.53000068664551,13989,13636.510133743286,3347.17345237732,5-7-10-15-18,58.663937,15115.383,21632.842,6276.563,"{'C18', 'C10', 'C5', 'C7', 'C15'}",C7-C10,70.67000269889832,5595.0,,4998.061656951904
C5-C7-C10-C15-C18,54.53000068664551,13989,13636.510133743286,3347.17345237732,5-7-10-15-18,58.663937,15115.383,21632.842,6276.563,"{'C18', 'C10', 'C5', 'C7', 'C15'}",C5-C7-C10,61.14000082015991,8395.0,,4998.061656951904
C3-C5-C7-C19-C20,53.28999757766724,13996,13145.899295806885,2879.6303272247314,3-5-7-19-20,44.65421,14729.034,21315.588,5934.062,"{'C5', 'C20', 'C19', 'C3', 'C7'}",C3-C5,54.01999950408936,5600.0,,2685.427188873291
C3-C5-C7-C19-C20,53.28999757766724,13996,13145.899295806885,2879.6303272247314,3-5-7-19-20,44.65421,14729.034,21315.588,5934.062,"{'C5', 'C20', 'C19', 'C3', 'C7'}",C3-C7,65.28000235557556,5600.0,,4998.061656951904
C3-C5-C7-C19-C20,53.28999757766724,13996,13145.899295806885,2879.6303272247314,3-5-7-19-20,44.65421,14729.034,21315.588,5934.062,"{'C5', 'C20', 'C19', 'C3', 'C7'}",C5-C7,58.67000222206116,5600.0,,4998.061656951904
C3-C5-C7-C19-C20,53.28999757766724,13996,13145.899295806885,2879.6303272247314,3-5-7-19-20,44.65421,14729.034,21315.588,5934.062,"{'C5', 'C20', 'C19', 'C3', 'C7'}",C3-C5-C7,71.75999879837036,8400.0,,4998.061656951904
C1-C3-C22-C23-C25,42.37000048160553,13995,12735.553979873655,3136.812925338745,1-3-22-23-25,44.231144,14499.75,20433.324,5843.9614,"{'C23', 'C25', 'C1', 'C3', 'C22'}",C1-C3,58.71000289916992,5600.0,,5809.942007064819
C6-C9-C16-C22-C25,23.27000051736832,13985,14755.48219680786,3240.7031059265137,6-9-16-22-25,47.199234,14670.644,20629.914,6059.49,"{'C6', 'C22', 'C16', 'C25', 'C9'}",C6-C9,54.49000000953674,5595.0,,3276.2575149536133
C1-C6-C7-C19-C24,58.45000147819519,13990,14175.503253936768,3383.766889572144,1-6-7-19-24,42.20422,13796.345,18942.592,5452.9873,"{'C6', 'C24', 'C1', 'C19', 'C7'}",C1-C6,41.94999933242798,5595.0,,5809.942007064819
C1-C6-C7-C19-C24,58.45000147819519,13990,14175.503253936768,3383.766889572144,1-6-7-19-24,42.20422,13796.345,18942.592,5452.9873,"{'C6', 'C24', 'C1', 'C19', 'C7'}",C1-C7,52.17999815940857,5600.0,,5809.942007064819
C1-C6-C7-C19-C24,58.45000147819519,13990,14175.503253936768,3383.766889572144,1-6-7-19-24,42.20422,13796.345,18942.592,5452.9873,"{'C6', 'C24', 'C1', 'C19', 'C7'}",C6-C7,47.40000069141388,5595.0,,4998.061656951904
C1-C6-C7-C19-C24,58.45000147819519,13990,14175.503253936768,3383.766889572144,1-6-7-19-24,42.20422,13796.345,18942.592,5452.9873,"{'C6', 'C24', 'C1', 'C19', 'C7'}",C1-C6-C7,36.28000020980835,8395.0,,5809.942007064819
C4-C6-C19-C20-C23,57.77999758720398,13986,13582.614421844482,3001.360893249512,4-6-19-20-23,41.670254,14433.068,19007.564,5666.892,"{'C6', 'C23', 'C4', 'C20', 'C19'}",C4-C6,39.01000022888184,5590.0,,3603.2345294952393
C3-C9-C10-C21-C23,17.069999873638153,13995,13890.766620635986,3282.3967933654785,3-9-10-21-23,55.476135,14961.28,21138.87,5964.4775,"{'C23', 'C21', 'C10', 'C3', 'C9'}",C3-C9,41.92000031471253,5600.0,,2649.716377258301
C3-C9-C10-C21-C23,17.069999873638153,13995,13890.766620635986,3282.3967933654785,3-9-10-21-23,55.476135,14961.28,21138.87,5964.4775,"{'C23', 'C21', 'C10', 'C3', 'C9'}",C3-C10,45.01999914646149,5595.0,,4569.4990158081055
C3-C9-C10-C21-C23,17.069999873638153,13995,13890.766620635986,3282.3967933654785,3-9-10-21-23,55.476135,14961.28,21138.87,5964.4775,"{'C23', 'C21', 'C10', 'C3', 'C9'}",C9-C10,78.2800018787384,5595.0,,4569.4990158081055
C3-C9-C10-C21-C23,17.069999873638153,13995,13890.766620635986,3282.3967933654785,3-9-10-21-23,55.476135,14961.28,21138.87,5964.4775,"{'C23', 'C21', 'C10', 'C3', 'C9'}",C3-C9-C10,46.59000039100647,8395.0,,4569.4990158081055
C1-C4-C9-C20-C25,56.15000128746033,13991,12831.206321716309,3021.6965675354004,1-4-9-20-25,48.22117,14439.408,19995.973,5742.52,"{'C4', 'C25', 'C1', 'C20', 'C9'}",C1-C4,58.0299973487854,5595.0,,5809.942007064819
C1-C4-C9-C20-C25,56.15000128746033,13991,12831.206321716309,3021.6965675354004,1-4-9-20-25,48.22117,14439.408,19995.973,5742.52,"{'C4', 'C25', 'C1', 'C20', 'C9'}",C1-C9,68.22999715805054,5600.0,,5809.942007064819
C1-C4-C9-C20-C25,56.15000128746033,13991,12831.206321716309,3021.6965675354004,1-4-9-20-25,48.22117,14439.408,19995.973,5742.52,"{'C4', 'C25', 'C1', 'C20', 'C9'}",C4-C9,58.99999737739563,5595.0,,3603.2345294952393
C1-C4-C9-C20-C25,56.15000128746033,13991,12831.206321716309,3021.6965675354004,1-4-9-20-25,48.22117,14439.408,19995.973,5742.52,"{'C4', 'C25', 'C1', 'C20', 'C9'}",C1-C4-C9,50.34999847412109,8395.0,,5809.942007064819
C2-C4-C6-C15-C22,48.21999967098236,13981,12642.024993896484,2896.8446254730225,2-4-6-15-22,47.1815,13811.901,20295.432,5720.544,"{'C6', 'C4', 'C2', 'C22', 'C15'}",C2-C4,59.71999764442444,5591.0,,3603.2345294952393
C2-C4-C6-C15-C22,48.21999967098236,13981,12642.024993896484,2896.8446254730225,2-4-6-15-22,47.1815,13811.901,20295.432,5720.544,"{'C6', 'C4', 'C2', 'C22', 'C15'}",C2-C6,39.55000042915344,5591.0,,3276.2575149536133
C2-C4-C6-C15-C22,48.21999967098236,13981,12642.024993896484,2896.8446254730225,2-4-6-15-22,47.1815,13811.901,20295.432,5720.544,"{'C6', 'C4', 'C2', 'C22', 'C15'}",C4-C6,39.01000022888184,5590.0,,3603.2345294952393
C2-C4-C6-C15-C22,48.21999967098236,13981,12642.024993896484,2896.8446254730225,2-4-6-15-22,47.1815,13811.901,20295.432,5720.544,"{'C6', 'C4', 'C2', 'C22', 'C15'}",C2-C4-C6,50.63999891281128,8386.0,,3603.2345294952393
C2-C3-C4-C16-C17,41.38000011444092,13986,14350.578546524048,3297.837018966675,2-3-4-16-17,53.060505,14913.11,22853.832,6402.6797,"{'C17', 'C4', 'C16', 'C2', 'C3'}",C2-C3,58.27000141143799,5596.0,,2649.716377258301
C2-C3-C4-C16-C17,41.38000011444092,13986,14350.578546524048,3297.837018966675,2-3-4-16-17,53.060505,14913.11,22853.832,6402.6797,"{'C17', 'C4', 'C16', 'C2', 'C3'}",C2-C4,59.71999764442444,5591.0,,3603.2345294952393
C2-C3-C4-C16-C17,41.38000011444092,13986,14350.578546524048,3297.837018966675,2-3-4-16-17,53.060505,14913.11,22853.832,6402.6797,"{'C17', 'C4', 'C16', 'C2', 'C3'}",C3-C4,70.56000232696533,5595.0,,3603.2345294952393
C2-C3-C4-C16-C17,41.38000011444092,13986,14350.578546524048,3297.837018966675,2-3-4-16-17,53.060505,14913.11,22853.832,6402.6797,"{'C17', 'C4', 'C16', 'C2', 'C3'}",C2-C3-C4,56.540000438690186,8391.0,,3603.2345294952393
C3-C5-C19-C20-C22,20.88000029325485,13991,13491.837739944458,3230.125188827514,3-5-19-20-22,45.172966,14678.455,21756.555,6202.7017,"{'C5', 'C20', 'C19', 'C3', 'C22'}",C3-C5,54.01999950408936,5600.0,,2685.427188873291
C2-C3-C7-C21-C22,19.439999759197235,13991,14227.69021987915,3240.0600910186768,2-3-7-21-22,45.586376,14405.898,20573.812,5901.266,"{'C7', 'C21', 'C2', 'C3', 'C22'}",C2-C3,58.27000141143799,5596.0,,2649.716377258301
C2-C3-C7-C21-C22,19.439999759197235,13991,14227.69021987915,3240.0600910186768,2-3-7-21-22,45.586376,14405.898,20573.812,5901.266,"{'C7', 'C21', 'C2', 'C3', 'C22'}",C2-C7,59.20000076293945,5596.0,,4998.061656951904
C2-C3-C7-C21-C22,19.439999759197235,13991,14227.69021987915,3240.0600910186768,2-3-7-21-22,45.586376,14405.898,20573.812,5901.266,"{'C7', 'C21', 'C2', 'C3', 'C22'}",C3-C7,65.28000235557556,5600.0,,4998.061656951904
C2-C3-C7-C21-C22,19.439999759197235,13991,14227.69021987915,3240.0600910186768,2-3-7-21-22,45.586376,14405.898,20573.812,5901.266,"{'C7', 'C21', 'C2', 'C3', 'C22'}",C2-C3-C7,42.53999888896942,8396.0,,4998.061656951904
C3-C4-C15-C16-C19,43.23999881744385,13990,12652.5456905365,2836.850643157959,3-4-15-16-19,53.064083,14539.56,22005.246,6059.4517,"{'C4', 'C16', 'C19', 'C3', 'C15'}",C3-C4,70.56000232696533,5595.0,,3603.2345294952393
C4-C5-C6-C15-C19,42.87999868392944,13990,13418.984413146973,3272.0489501953125,4-5-6-15-19,41.80545,14545.842,19878.479,5602.7935,"{'C6', 'C4', 'C5', 'C19', 'C15'}",C4-C5,50.209999084472656,5595.0,,3603.2345294952393
C4-C5-C6-C15-C19,42.87999868392944,13990,13418.984413146973,3272.0489501953125,4-5-6-15-19,41.80545,14545.842,19878.479,5602.7935,"{'C6', 'C4', 'C5', 'C19', 'C15'}",C4-C6,39.01000022888184,5590.0,,3603.2345294952393
C4-C5-C6-C15-C19,42.87999868392944,13990,13418.984413146973,3272.0489501953125,4-5-6-15-19,41.80545,14545.842,19878.479,5602.7935,"{'C6', 'C4', 'C5', 'C19', 'C15'}",C5-C6,55.330002307891846,5595.0,,3276.2575149536133
C4-C5-C6-C15-C19,42.87999868392944,13990,13418.984413146973,3272.0489501953125,4-5-6-15-19,41.80545,14545.842,19878.479,5602.7935,"{'C6', 'C4', 'C5', 'C19', 'C15'}",C4-C5-C6,30.61000108718872,8390.0,,3603.2345294952393
C3-C6-C9-C17-C18,39.50999975204468,13989,12198.134422302246,2854.4762134552,3-6-9-17-18,46.17,14346.381,19862.707,5867.5454,"{'C6', 'C17', 'C18', 'C3', 'C9'}",C3-C6,56.12000226974487,5595.0,,3276.2575149536133
C3-C6-C9-C17-C18,39.50999975204468,13989,12198.134422302246,2854.4762134552,3-6-9-17-18,46.17,14346.381,19862.707,5867.5454,"{'C6', 'C17', 'C18', 'C3', 'C9'}",C3-C9,41.92000031471253,5600.0,,2649.716377258301
C3-C6-C9-C17-C18,39.50999975204468,13989,12198.134422302246,2854.4762134552,3-6-9-17-18,46.17,14346.381,19862.707,5867.5454,"{'C6', 'C17', 'C18', 'C3', 'C9'}",C6-C9,54.49000000953674,5595.0,,3276.2575149536133
C3-C6-C9-C17-C18,39.50999975204468,13989,12198.134422302246,2854.4762134552,3-6-9-17-18,46.17,14346.381,19862.707,5867.5454,"{'C6', 'C17', 'C18', 'C3', 'C9'}",C3-C6-C9,46.480000019073486,8395.0,,3276.2575149536133
C3-C8-C10-C21-C25,68.2200014591217,13989,13621.7782497406,3286.07177734375,3-8-10-21-25,53.767834,14955.351,21540.77,6118.715,"{'C8', 'C21', 'C10', 'C25', 'C3'}",C3-C8,61.250001192092896,5594.0,,5876.826047897339
C3-C8-C10-C21-C25,68.2200014591217,13989,13621.7782497406,3286.07177734375,3-8-10-21-25,53.767834,14955.351,21540.77,6118.715,"{'C8', 'C21', 'C10', 'C25', 'C3'}",C3-C10,45.01999914646149,5595.0,,4569.4990158081055
C3-C8-C10-C21-C25,68.2200014591217,13989,13621.7782497406,3286.07177734375,3-8-10-21-25,53.767834,14955.351,21540.77,6118.715,"{'C8', 'C21', 'C10', 'C25', 'C3'}",C8-C10,70.35999894142151,5589.0,,5876.826047897339
C3-C8-C10-C21-C25,68.2200014591217,13989,13621.7782497406,3286.07177734375,3-8-10-21-25,53.767834,14955.351,21540.77,6118.715,"{'C8', 'C21', 'C10', 'C25', 'C3'}",C3-C8-C10,46.480000019073486,8389.0,,5876.826047897339
C4-C5-C15-C24-C25,55.15000224113464,13990,25898.79846572876,14719.860553741457,4-5-15-24-25,45.610264,14838.805,19991.742,5738.967,"{'C24', 'C4', 'C5', 'C25', 'C15'}",C4-C5,50.209999084472656,5595.0,,3603.2345294952393
C8-C9-C16-C20-C22,51.31000280380249,13980,13286.17548942566,2890.249013900757,8-9-16-20-22,49.331585,14538.334,22324.514,6194.3096,"{'C8', 'C22', 'C16', 'C20', 'C9'}",C8-C9,79.80999946594238,5594.0,,5876.826047897339
C2-C9-C15-C17-C19,32.12000131607056,13996,13427.452087402344,3467.8845405578613,2-9-15-17-19,45.834854,14843.362,21058.553,6017.7554,"{'C17', 'C2', 'C19', 'C9', 'C15'}",C2-C9,48.48000109195709,5596.0,,2511.845111846924
C5-C6-C18-C21-C22,33.21000039577484,13984,14793.92671585083,3284.40260887146,5-6-18-21-22,45.83537,14136.178,20881.336,5967.8403,"{'C6', 'C18', 'C21', 'C5', 'C22'}",C5-C6,55.330002307891846,5595.0,,3276.2575149536133
C1-C10-C18-C19-C21,67.89000034332275,13989,13663.426160812378,3267.4238681793213,1-10-18-19-21,57.32279,14211.312,20747.107,5724.423,"{'C18', 'C21', 'C10', 'C19', 'C1'}",C1-C10,75.15000104904175,5595.0,,5809.942007064819
C6-C7-C18-C23-C24,55.5400013923645,13984,12886.581420898438,3153.712034225464,6-7-18-23-24,43.507923,14135.706,18618.979,5419.8853,"{'C6', 'C24', 'C23', 'C18', 'C7'}",C6-C7,47.40000069141388,5595.0,,4998.061656951904
C4-C9-C15-C24-C25,65.31000137329102,13990,14132.486820220947,3103.1672954559326,4-9-15-24-25,46.875443,14738.599,19330.053,5623.9536,"{'C24', 'C4', 'C25', 'C9', 'C15'}",C4-C9,58.99999737739563,5595.0,,3603.2345294952393
C7-C10-C17-C20-C23,21.570000052452087,13991,15131.35838508606,3366.3201332092285,7-10-17-20-23,54.75188,14462.59,21014.842,5874.863,"{'C23', 'C17', 'C10', 'C20', 'C7'}",C7-C10,70.67000269889832,5595.0,,4998.061656951904
C1-C5-C10-C21-C22,47.609999775886536,13990,13397.947072982788,2994.629383087158,1-5-10-21-22,54.996113,14878.648,22522.4,6184.472,"{'C22', 'C21', 'C10', 'C5', 'C1'}",C1-C5,61.18000149726868,5600.0,,5809.942007064819
C1-C5-C10-C21-C22,47.609999775886536,13990,13397.947072982788,2994.629383087158,1-5-10-21-22,54.996113,14878.648,22522.4,6184.472,"{'C22', 'C21', 'C10', 'C5', 'C1'}",C1-C10,75.15000104904175,5595.0,,5809.942007064819
C1-C5-C10-C21-C22,47.609999775886536,13990,13397.947072982788,2994.629383087158,1-5-10-21-22,54.996113,14878.648,22522.4,6184.472,"{'C22', 'C21', 'C10', 'C5', 'C1'}",C5-C10,54.72000241279602,5595.0,,4569.4990158081055
C1-C5-C10-C21-C22,47.609999775886536,13990,13397.947072982788,2994.629383087158,1-5-10-21-22,54.996113,14878.648,22522.4,6184.472,"{'C22', 'C21', 'C10', 'C5', 'C1'}",C1-C5-C10,47.850000858306885,8395.0,,5809.942007064819
C2-C4-C5-C22-C23,56.91999793052673,13986,13599.03359413147,3076.12419128418,2-4-5-22-23,50.609516,14292.472,21206.793,6130.0957,"{'C23', 'C4', 'C5', 'C2', 'C22'}",C2-C4,59.71999764442444,5591.0,,3603.2345294952393
C2-C4-C5-C22-C23,56.91999793052673,13986,13599.03359413147,3076.12419128418,2-4-5-22-23,50.609516,14292.472,21206.793,6130.0957,"{'C23', 'C4', 'C5', 'C2', 'C22'}",C2-C5,54.64000105857849,5596.0,,2685.427188873291
C2-C4-C5-C22-C23,56.91999793052673,13986,13599.03359413147,3076.12419128418,2-4-5-22-23,50.609516,14292.472,21206.793,6130.0957,"{'C23', 'C4', 'C5', 'C2', 'C22'}",C4-C5,50.209999084472656,5595.0,,3603.2345294952393
C2-C4-C5-C22-C23,56.91999793052673,13986,13599.03359413147,3076.12419128418,2-4-5-22-23,50.609516,14292.472,21206.793,6130.0957,"{'C23', 'C4', 'C5', 'C2', 'C22'}",C2-C4-C5,46.50000035762787,8391.0,,3603.2345294952393
C1-C3-C18-C22-C24,64.20999765396118,13984,13406.742811203005,3367.659330368042,1-3-18-22-24,47.444324,14234.659,20666.47,5921.134,"{'C24', 'C18', 'C1', 'C3', 'C22'}",C1-C3,58.71000289916992,5600.0,,5809.942007064819
C2-C7-C15-C16-C17,41.2200003862381,13991,13466.503381729126,3290.422916412353,2-7-15-16-17,49.977917,15047.956,23189.373,6522.8853,"{'C17', 'C16', 'C2', 'C7', 'C15'}",C2-C7,59.20000076293945,5596.0,,4998.061656951904
C8-C10-C18-C23-C25,34.290000796318054,13983,15070.97578048706,4583.111047744751,8-10-18-23-25,59.916607,13931.539,21329.225,5744.365,"{'C23', 'C8', 'C18', 'C10', 'C25'}",C8-C10,70.35999894142151,5589.0,,5876.826047897339
C4-C8-C9-C16-C23,49.1100013256073,13984,13307.965517044067,3270.34592628479,4-8-9-16-23,45.91883,15057.164,20741.113,5989.0254,"{'C23', 'C8', 'C4', 'C16', 'C9'}",C4-C8,68.48999857902527,5589.0,,5876.826047897339
C4-C8-C9-C16-C23,49.1100013256073,13984,13307.965517044067,3270.34592628479,4-8-9-16-23,45.91883,15057.164,20741.113,5989.0254,"{'C23', 'C8', 'C4', 'C16', 'C9'}",C4-C9,58.99999737739563,5595.0,,3603.2345294952393
C4-C8-C9-C16-C23,49.1100013256073,13984,13307.965517044067,3270.34592628479,4-8-9-16-23,45.91883,15057.164,20741.113,5989.0254,"{'C23', 'C8', 'C4', 'C16', 'C9'}",C8-C9,79.80999946594238,5594.0,,5876.826047897339
C4-C8-C9-C16-C23,49.1100013256073,13984,13307.965517044067,3270.34592628479,4-8-9-16-23,45.91883,15057.164,20741.113,5989.0254,"{'C23', 'C8', 'C4', 'C16', 'C9'}",C4-C8-C9,48.579999804496765,8389.0,,5876.826047897339
C1-C7-C10-C16-C24,38.53000104427338,13985,13400.020122528076,2877.455711364746,1-7-10-16-24,57.370586,14767.837,22588.223,6179.1973,"{'C24', 'C10', 'C16', 'C1', 'C7'}",C1-C7,52.17999815940857,5600.0,,5809.942007064819
C1-C7-C10-C16-C24,38.53000104427338,13985,13400.020122528076,2877.455711364746,1-7-10-16-24,57.370586,14767.837,22588.223,6179.1973,"{'C24', 'C10', 'C16', 'C1', 'C7'}",C1-C10,75.15000104904175,5595.0,,5809.942007064819
C1-C7-C10-C16-C24,38.53000104427338,13985,13400.020122528076,2877.455711364746,1-7-10-16-24,57.370586,14767.837,22588.223,6179.1973,"{'C24', 'C10', 'C16', 'C1', 'C7'}",C7-C10,70.67000269889832,5595.0,,4998.061656951904
C1-C7-C10-C16-C24,38.53000104427338,13985,13400.020122528076,2877.455711364746,1-7-10-16-24,57.370586,14767.837,22588.223,6179.1973,"{'C24', 'C10', 'C16', 'C1', 'C7'}",C1-C7-C10,60.610002279281616,8395.0,,5809.942007064819
C1-C4-C21-C22-C25,36.46000027656555,13990,13728.41453552246,3169.5659160614014,1-4-21-22-25,49.901844,14188.537,20518.52,5801.192,"{'C4', 'C21', 'C25', 'C1', 'C22'}",C1-C4,58.0299973487854,5595.0,,5809.942007064819
C3-C4-C9-C21-C24,44.85999941825867,13990,14596.78864479065,3282.077550888061,3-4-9-21-24,47.780487,13659.748,18600.646,5236.3955,"{'C24', 'C4', 'C21', 'C3', 'C9'}",C3-C4,70.56000232696533,5595.0,,3603.2345294952393
C3-C4-C9-C21-C24,44.85999941825867,13990,14596.78864479065,3282.077550888061,3-4-9-21-24,47.780487,13659.748,18600.646,5236.3955,"{'C24', 'C4', 'C21', 'C3', 'C9'}",C3-C9,41.92000031471253,5600.0,,2649.716377258301
C3-C4-C9-C21-C24,44.85999941825867,13990,14596.78864479065,3282.077550888061,3-4-9-21-24,47.780487,13659.748,18600.646,5236.3955,"{'C24', 'C4', 'C21', 'C3', 'C9'}",C4-C9,58.99999737739563,5595.0,,3603.2345294952393
C3-C4-C9-C21-C24,44.85999941825867,13990,14596.78864479065,3282.077550888061,3-4-9-21-24,47.780487,13659.748,18600.646,5236.3955,"{'C24', 'C4', 'C21', 'C3', 'C9'}",C3-C4-C9,53.89999747276306,8395.0,,3603.2345294952393
C6-C10-C15-C18-C24,19.81000006198883,13979,12746.953010559082,2750.277042388916,6-10-15-18-24,55.729916,14025.124,20153.303,5509.384,"{'C6', 'C24', 'C18', 'C10', 'C15'}",C6-C10,61.890000104904175,5590.0,,4569.4990158081055
C7-C10-C19-C22-C25,51.33000016212464,13990,11492.593765258787,2786.371946334839,7-10-19-22-25,55.50369,14180.905,21243.553,5888.3228,"{'C7', 'C10', 'C25', 'C19', 'C22'}",C7-C10,70.67000269889832,5595.0,,4998.061656951904
C1-C3-C9-C20-C25,44.53000128269196,13996,12227.386236190796,2896.6758251190186,1-3-9-20-25,44.659245,14848.244,20579.133,5983.3384,"{'C25', 'C1', 'C20', 'C3', 'C9'}",C1-C3,58.71000289916992,5600.0,,5809.942007064819
C1-C3-C9-C20-C25,44.53000128269196,13996,12227.386236190796,2896.6758251190186,1-3-9-20-25,44.659245,14848.244,20579.133,5983.3384,"{'C25', 'C1', 'C20', 'C3', 'C9'}",C1-C9,68.22999715805054,5600.0,,5809.942007064819
C1-C3-C9-C20-C25,44.53000128269196,13996,12227.386236190796,2896.6758251190186,1-3-9-20-25,44.659245,14848.244,20579.133,5983.3384,"{'C25', 'C1', 'C20', 'C3', 'C9'}",C3-C9,41.92000031471253,5600.0,,2649.716377258301
C1-C3-C9-C20-C25,44.53000128269196,13996,12227.386236190796,2896.6758251190186,1-3-9-20-25,44.659245,14848.244,20579.133,5983.3384,"{'C25', 'C1', 'C20', 'C3', 'C9'}",C1-C3-C9,39.53999876976013,8400.0,,5809.942007064819
C1-C6-C19-C21-C22,50.13999938964844,13990,12155.404567718506,2626.392841339112,1-6-19-21-22,43.73548,14016.624,20123.352,5726.9453,"{'C6', 'C21', 'C1', 'C19', 'C22'}",C1-C6,41.94999933242798,5595.0,,5809.942007064819
C1-C2-C5-C18-C24,50.950002670288086,13985,11440.176010131836,2716.3031101226807,1-2-5-18-24,48.878548,14457.895,21959.172,6026.5254,"{'C24', 'C18', 'C5', 'C2', 'C1'}",C1-C2,71.50999903678894,5596.0,,5809.942007064819
C1-C2-C5-C18-C24,50.950002670288086,13985,11440.176010131836,2716.3031101226807,1-2-5-18-24,48.878548,14457.895,21959.172,6026.5254,"{'C24', 'C18', 'C5', 'C2', 'C1'}",C1-C5,61.18000149726868,5600.0,,5809.942007064819
C1-C2-C5-C18-C24,50.950002670288086,13985,11440.176010131836,2716.3031101226807,1-2-5-18-24,48.878548,14457.895,21959.172,6026.5254,"{'C24', 'C18', 'C5', 'C2', 'C1'}",C2-C5,54.64000105857849,5596.0,,2685.427188873291
C1-C2-C5-C18-C24,50.950002670288086,13985,11440.176010131836,2716.3031101226807,1-2-5-18-24,48.878548,14457.895,21959.172,6026.5254,"{'C24', 'C18', 'C5', 'C2', 'C1'}",C1-C2-C5,48.7199991941452,8396.0,,5809.942007064819
C3-C4-C18-C21-C25,31.880000233650208,13989,13631.14857673645,3270.153045654297,3-4-18-21-25,51.162422,14269.025,19897.627,5586.26,"{'C4', 'C18', 'C21', 'C25', 'C3'}",C3-C4,70.56000232696533,5595.0,,3603.2345294952393
C5-C7-C17-C22-C25,30.77999949455261,13995,10892.635107040403,2560.1747035980225,5-7-17-22-25,49.22511,14604.854,22019.715,6259.592,"{'C22', 'C17', 'C5', 'C25', 'C7'}",C5-C7,58.67000222206116,5600.0,,4998.061656951904
